t_s,xa_mm,xb_mm,ya_mm,yb_mm,z_mm,ldc_raw,r_raw,teng_raw,is_steady
0.0,6.0,6.0,0.0,0.0,0.0,11563120,26769,34804,0
0.0,6.0,6.0,0.0,0.0,0.0,11563373,26737,30927,0
0.0,6.0,6.0,0.0,0.0,0.0,11563831,26794,36790,0
0.01238,6.0,6.0,0.0,0.0,0.0,11565359,26718,30307,0
0.01238,6.0,6.0,0.0,0.0,0.0,11566609,26795,35256,0
0.01238,6.0,6.0,0.0,0.0,0.0,11562266,26790,33270,0
0.04459,6.0,6.0,0.0,0.0,0.0,11563495,26722,35902,0
0.04459,6.0,6.0,0.0,0.0,0.0,11563041,26712,32161,0
0.04459,6.0,6.0,0.0,0.0,0.0,11564286,26743,30784,0
0.07659,6.0,6.0,0.0,0.0,0.0,11564580,26701,36295,0
0.07659,6.0,6.0,0.0,0.0,0.0,11562550,26770,28088,0
0.07659,6.0,6.0,0.0,0.0,0.0,11565204,26755,33380,0
0.10826,6.0,6.0,0.0,0.0,0.0,11563221,26811,34267,0
0.10826,6.0,6.0,0.0,0.0,0.0,11562801,26678,32249,0
0.10826,6.0,6.0,0.0,0.0,0.0,11564742,26744,36199,0
0.13994,6.0,6.0,0.0,0.0,0.0,11561667,26745,33285,0
0.13994,6.0,6.0,0.0,0.0,0.0,11563266,26799,29629,0
0.13994,6.0,6.0,0.0,0.0,0.0,11563795,26816,36190,0
0.17158,6.0,6.0,0.0,0.0,-0.025,11563980,26759,34253,0
0.17158,6.0,6.0,0.0,0.0,-0.025,11563373,26778,35878,0
0.17158,6.0,6.0,0.0,0.0,-0.025,11562892,26830,36645,0
0.20359,6.0,6.0,0.0,0.0,-0.025,11562011,26761,33543,0
0.20359,6.0,6.0,0.0,0.0,-0.025,11562534,26821,31718,0
0.20359,6.0,6.0,0.0,0.0,-0.025,11562651,26845,32920,0
0.23612,6.0,6.0,0.0,0.0,-0.025,11563678,26831,30497,0
0.23612,6.0,6.0,0.0,0.0,-0.025,11569146,26747,34975,0
0.23612,6.0,6.0,0.0,0.0,-0.025,11562357,26704,31716,0
0.25326,6.0,6.0,0.0,0.0,-0.025,11564295,26701,32272,0
0.25326,6.0,6.0,0.0,0.0,-0.025,11562699,26763,33914,0
0.25326,6.0,6.0,0.0,0.0,-0.025,11563773,26777,35252,0
0.28338,6.0,6.0,0.0,0.0,-0.025,11562412,26791,34983,0
0.28338,6.0,6.0,0.0,0.0,-0.025,11561995,26849,31723,0
0.28338,6.0,6.0,0.0,0.0,-0.025,11562281,26741,39318,0
0.31548,6.0,6.0,0.0,0.0,-0.025,11563834,26746,34979,0
0.31548,6.0,6.0,0.0,0.0,-0.025,11562801,26771,29512,0
0.31548,6.0,6.0,0.0,0.0,-0.025,11565413,26820,35267,0
0.34651,6.0,6.0,0.0,0.0,-0.025,11563373,26845,31994,0
0.34651,6.0,6.0,0.0,0.0,-0.025,11563266,26770,35172,0
0.34651,6.0,6.0,0.0,0.0,-0.025,11563795,26809,33298,0
0.37885,6.0,6.0,0.0,0.0,-0.1219,11563068,26804,33368,0
0.37885,6.0,6.0,0.0,0.0,-0.1219,11564295,26890,33850,0
0.37885,6.0,6.0,0.0,0.0,-0.1219,11563373,26743,31794,0
0.41062,6.0,6.0,0.0,0.0,-0.1219,11563068,26819,36445,0
0.41062,6.0,6.0,0.0,0.0,-0.1219,11562784,26793,36111,0
0.41062,6.0,6.0,0.0,0.0,-0.1219,11564841,26778,30440,0
0.44268,6.0,6.0,0.0,0.0,-0.1219,11563221,26782,37277,0
0.44268,6.0,6.0,0.0,0.0,-0.1219,11566609,26762,29945,0
0.44268,6.0,6.0,0.0,0.0,-0.1219,11564820,26761,32440,0
0.47936,6.0,6.0,0.0,0.0,-0.1219,11563802,26736,31738,0
0.47936,6.0,6.0,0.0,0.0,-0.1219,11563206,26742,28908,0
0.47936,6.0,6.0,0.0,0.0,-0.1219,11565639,26839,33400,0
0.4936,6.0,6.0,0.0,0.0,-0.1219,11567823,26774,32870,0
0.4936,6.0,6.0,0.0,0.0,-0.1219,11563650,26688,31055,0
0.4936,6.0,6.0,0.0,0.0,-0.1219,11564182,26822,36194,0
0.52555,6.0,6.0,0.0,0.0,-0.1219,11562062,26783,32895,0
0.52555,6.0,6.0,0.0,0.0,-0.1219,11563957,26811,35507,0
0.52555,6.0,6.0,0.0,0.0,-0.1219,11565778,26794,32103,0
0.55756,6.0,6.0,0.0,0.0,-0.1219,11564209,26798,36846,0
0.55756,6.0,6.0,0.0,0.0,-0.1219,11563319,26823,36213,0
0.55756,6.0,6.0,0.0,0.0,-0.1219,11561306,26729,36238,0
0.58934,6.0,6.0,0.0,0.0,-0.2812,11564408,26740,32561,0
0.58934,6.0,6.0,0.0,0.0,-0.2812,11562056,26832,28958,0
0.58934,6.0,6.0,0.0,0.0,-0.2812,11564118,26668,31824,0
0.62118,6.0,6.0,0.0,0.0,-0.2812,11564604,26749,29242,0
0.62118,6.0,6.0,0.0,0.0,-0.2812,11564903,26748,35208,0
0.62118,6.0,6.0,0.0,0.0,-0.2812,11563655,26762,30567,0
0.65402,6.0,6.0,0.0,0.0,-0.2812,11562895,26745,34966,0
0.65402,6.0,6.0,0.0,0.0,-0.2812,11566029,26765,31867,0
0.65402,6.0,6.0,0.0,0.0,-0.2812,11563373,26796,33753,0
0.67135,6.0,6.0,0.0,0.0,-0.2812,11563871,26738,33059,0
0.67135,6.0,6.0,0.0,0.0,-0.2812,11564488,26866,33849,0
0.67135,6.0,6.0,0.0,0.0,-0.2812,11564335,26807,33848,0
0.71809,6.0,6.0,0.0,0.0,-0.2812,11564742,26882,31824,0
0.71809,6.0,6.0,0.0,0.0,-0.2812,11562816,26745,34295,0
0.71809,6.0,6.0,0.0,0.0,-0.2812,11563957,26773,33914,0
0.73375,6.0,6.0,0.0,0.0,-0.2812,11562826,26788,32871,0
0.73375,6.0,6.0,0.0,0.0,-0.2812,11563492,26802,35497,0
0.73375,6.0,6.0,0.0,0.0,-0.2812,11562879,26779,34176,0
0.77195,6.0,6.0,0.0,0.0,-0.2812,11564302,26718,31233,0
0.77195,6.0,6.0,0.0,0.0,-0.2812,11563428,26805,42043,0
0.77195,6.0,6.0,0.0,0.0,-0.2812,11562221,26727,33873,0
0.80264,6.0,6.0,0.0,0.0,-0.5094,11564005,26694,31147,0
0.80264,6.0,6.0,0.0,0.0,-0.5094,11563957,26838,37142,0
0.80264,6.0,6.0,0.0,0.0,-0.5094,11562892,26815,36620,0
0.83641,6.0,6.0,0.0,0.0,-0.5094,11563529,26769,33433,0
0.83641,6.0,6.0,0.0,0.0,-0.5094,11563172,26800,29874,0
0.83641,6.0,6.0,0.0,0.0,-0.5094,11563848,26716,32416,0
0.85291,6.0,6.0,0.0,0.0,-0.5094,11563211,26802,34569,0
0.85291,6.0,6.0,0.0,0.0,-0.5094,11563505,26767,30987,0
0.85291,6.0,6.0,0.0,0.0,-0.5094,11562932,26787,32068,0
0.89942,6.0,6.0,0.0,0.0,-0.5094,11563498,26748,34998,0
0.89942,6.0,6.0,0.0,0.0,-0.5094,11563288,26758,33461,0
0.89942,6.0,6.0,0.0,0.0,-0.5094,11564742,26741,35058,0
0.91408,6.0,6.0,0.0,0.0,-0.5094,11570494,26725,32821,0
0.91408,6.0,6.0,0.0,0.0,-0.5094,11562956,26741,36106,0
0.91408,6.0,6.0,0.0,0.0,-0.5094,11563664,26813,31276,0
0.94621,6.0,6.0,0.0,0.0,-0.5094,11563529,26809,32891,0
0.94621,6.0,6.0,0.0,0.0,-0.5094,11564552,26814,33100,0
0.94621,6.0,6.0,0.0,0.0,-0.5094,11563619,26651,31208,0
0.97776,6.0,6.0,0.0,0.0,-0.5094,11562931,26786,35043,0
0.97776,6.0,6.0,0.0,0.0,-0.5094,11563099,26818,34099,0
0.97776,6.0,6.0,0.0,0.0,-0.5094,11563373,26784,35514,0
1.00983,6.0,6.0,0.0,0.0,-0.8031,11562734,26761,30101,0
1.00983,6.0,6.0,0.0,0.0,-0.8031,11565987,26803,32911,0
1.00983,6.0,6.0,0.0,0.0,-0.8031,11562892,26852,31040,0
1.04146,6.0,6.0,0.0,0.0,-0.8031,11563634,26823,32949,0
1.04146,6.0,6.0,0.0,0.0,-0.8031,11563710,26824,31708,0
1.04146,6.0,6.0,0.0,0.0,-0.8031,11562991,26797,33859,0
1.07327,6.0,6.0,0.0,0.0,-0.8031,11564032,26793,31755,0
1.07327,6.0,6.0,0.0,0.0,-0.8031,11564118,26792,25920,0
1.07327,6.0,6.0,0.0,0.0,-0.8031,11563719,26715,36791,0
1.10486,6.0,6.0,0.0,0.0,-0.8031,11564318,26700,30362,0
1.10486,6.0,6.0,0.0,0.0,-0.8031,11564415,26695,29070,0
1.10486,6.0,6.0,0.0,0.0,-0.8031,11564214,26766,33542,0
1.1377,6.0,6.0,0.0,0.0,-0.8031,11572551,26823,34394,0
1.1377,6.0,6.0,0.0,0.0,-0.8031,11562341,26778,34818,0
1.1377,6.0,6.0,0.0,0.0,-0.8031,11563373,26761,32911,0
1.16984,6.0,6.0,0.0,0.0,-0.8031,11564485,26776,34639,0
1.16984,6.0,6.0,0.0,0.0,-0.8031,11564348,26776,35191,0
1.16984,6.0,6.0,0.0,0.0,-0.8031,11561037,26800,34247,0
1.18634,6.0,6.0,0.0,0.0,-0.8031,11563373,26696,33777,0
1.18634,6.0,6.0,0.0,0.0,-0.8031,11564428,26768,33475,0
1.18634,6.0,6.0,0.0,0.0,-0.8031,11563739,26709,35473,0
1.218,6.0,6.0,0.0,0.0,-1.1562,11564771,26703,34365,0
1.218,6.0,6.0,0.0,0.0,-1.1562,11561950,26767,33831,0
1.218,6.0,6.0,0.0,0.0,-1.1562,11564118,26823,33326,0
1.24898,6.0,6.0,0.0,0.0,-1.1562,11563321,26754,36091,0
1.24898,6.0,6.0,0.0,0.0,-1.1562,11564797,26758,36479,0
1.24898,6.0,6.0,0.0,0.0,-1.1562,11562702,26755,30466,0
1.28092,6.0,6.0,0.0,0.0,-1.1562,11564521,26759,38270,0
1.28092,6.0,6.0,0.0,0.0,-1.1562,11563373,26752,38347,0
1.28092,6.0,6.0,0.0,0.0,-1.1562,11563373,26747,33362,0
1.3146,6.0,6.0,0.0,0.0,-1.1562,11564926,26771,40006,0
1.3146,6.0,6.0,0.0,0.0,-1.1562,11562088,26815,29374,0
1.3146,6.0,6.0,0.0,0.0,-1.1562,11564335,26754,33805,0
1.34403,6.0,6.0,0.0,0.0,-1.1562,11564742,26728,33775,0
1.34403,6.0,6.0,0.0,0.0,-1.1562,11563978,26742,31737,0
1.34403,6.0,6.0,0.0,0.0,-1.1562,11565419,26702,36874,0
1.37731,6.0,6.0,0.0,0.0,-1.1562,11563452,26723,35224,0
1.37731,6.0,6.0,0.0,0.0,-1.1562,11564452,26781,32888,0
1.37731,6.0,6.0,0.0,0.0,-1.1562,11567665,26709,38890,0
1.40717,6.0,6.0,0.0,0.0,-1.1562,11562798,26783,34742,0
1.40717,6.0,6.0,0.0,0.0,-1.5688,11564475,26773,35739,0
1.40717,6.0,6.0,0.0,0.0,-1.5688,11564390,26781,35168,0
1.42615,6.0,6.0,0.0,0.0,-1.5688,11563908,26712,31090,0
1.42615,6.0,6.0,0.0,0.0,-1.5688,11563172,26731,40057,0
1.42615,6.0,6.0,0.0,0.0,-1.5688,11563505,26713,36063,0
1.45479,6.0,6.0,0.0,0.0,-1.5688,11564672,26773,40477,0
1.4563,6.0,6.0,0.0,0.0,-1.5688,11564652,26728,39199,0
1.4563,6.0,6.0,0.0,0.0,-1.5688,11564330,26851,32146,0
1.48653,6.0,6.0,0.0,0.0,-1.5688,11564032,26750,33616,0
1.48653,6.0,6.0,0.0,0.0,-1.5688,11563373,26782,31738,0
1.48653,6.0,6.0,0.0,0.0,-1.5688,11564263,26871,31630,0
1.51905,6.0,6.0,0.0,0.0,-1.5688,11564131,26672,34825,0
1.51905,6.0,6.0,0.0,0.0,-1.5688,11563200,26746,30245,0
1.51905,6.0,6.0,0.0,0.0,-1.5688,11564214,26795,32311,0
1.55298,6.0,6.0,0.0,0.0,-1.5688,11569486,26841,37884,0
1.55298,6.0,6.0,0.0,0.0,-1.5688,11562624,26828,33909,0
1.55298,6.0,6.0,0.0,0.0,-1.5688,11562902,26722,35539,0
1.58392,6.0,6.0,0.0,0.0,-1.5688,11562741,26803,34433,0
1.58392,6.0,6.0,0.0,0.0,-1.5688,11564095,26728,38199,0
1.58392,6.0,6.0,0.0,0.0,-1.5688,11563373,26768,35130,0
1.61584,6.0,6.0,0.0,0.0,-2.0469,11563285,26835,36258,0
1.61584,6.0,6.0,0.0,0.0,-2.0469,11563868,26765,31582,0
1.61584,6.0,6.0,0.0,0.0,-2.0469,11564606,26730,31488,0
1.64832,6.0,6.0,0.0,0.0,-2.0469,11564856,26774,38504,0
1.64832,6.0,6.0,0.0,0.0,-2.0469,11564367,26776,32424,0
1.64832,6.0,6.0,0.0,0.0,-2.0469,11562892,26768,33207,0
1.66441,6.0,6.0,0.0,0.0,-2.0469,11563945,26748,36012,0
1.66441,6.0,6.0,0.0,0.0,-2.0469,11562971,26758,35447,0
1.66441,6.0,6.0,0.0,0.0,-2.0469,11562520,26708,35118,0
1.69664,6.0,6.0,0.0,0.0,-2.0469,11565962,26705,33255,0
1.69865,6.0,6.0,0.0,0.0,-2.0469,11564118,26770,36409,0
1.69865,6.0,6.0,0.0,0.0,-2.0469,11562393,26777,36426,0
1.72909,6.0,6.0,0.0,0.0,-2.0469,11562813,26866,32334,0
1.72909,6.0,6.0,0.0,0.0,-2.0469,11563545,26867,41704,0
1.72909,6.0,6.0,0.0,0.0,-2.0469,11564742,26758,35788,0
1.76134,6.0,6.0,0.0,0.0,-2.0469,11564742,26816,36830,0
1.76134,6.0,6.0,0.0,0.0,-2.0469,11562676,26784,32249,0
1.76134,6.0,6.0,0.0,0.0,-2.0469,11563782,26758,32965,0
1.79314,6.0,6.0,0.0,0.0,-2.0469,11563452,26701,33512,0
1.79457,6.0,6.0,0.0,0.0,-2.0469,11564806,26759,34018,0
1.79457,6.0,6.0,0.0,0.0,-2.0469,11562130,26783,34865,0
1.82538,6.0,6.0,0.0,0.0,-2.0469,11563551,26691,33610,0
1.82538,6.0,6.0,0.0,0.0,-2.0469,11564032,26843,33058,0
1.82538,6.0,6.0,0.0,0.0,-2.5906,11565034,26820,36113,0
1.85783,6.0,6.0,0.0,0.0,-2.5906,11562531,26825,37195,0
1.85783,6.0,6.0,0.0,0.0,-2.5906,11563957,26842,33238,0
1.85783,6.0,6.0,0.0,0.0,-2.5906,11563373,26730,33171,0
1.89276,6.0,6.0,0.0,0.0,-2.5906,11563270,26865,33676,0
1.89276,6.0,6.0,0.0,0.0,-2.5906,11563972,26789,39167,0
1.89276,6.0,6.0,0.0,0.0,-2.5906,11566558,26750,35975,0
1.90837,6.0,6.0,0.0,0.0,-2.5906,11563373,26764,34156,0
1.90837,6.0,6.0,0.0,0.0,-2.5906,11569048,26829,33674,0
1.90837,6.0,6.0,0.0,0.0,-2.5906,11563812,26754,35710,0
1.9403,6.0,6.0,0.0,0.0,-2.5906,11563373,26766,38724,0
1.9403,6.0,6.0,0.0,0.0,-2.5906,11564308,26740,37594,0
1.9403,6.0,6.0,0.0,0.0,-2.5906,11565944,26657,37351,0
1.9725,6.0,6.0,0.0,0.0,-2.5906,11566731,26723,33268,0
1.9725,6.0,6.0,0.0,0.0,-2.5906,11563744,26832,35041,0
1.9725,6.0,6.0,0.0,0.0,-2.5906,11563957,26818,37486,0
2.00419,6.0,6.0,0.0,0.0,-2.5906,11563921,26854,35112,0
2.00419,6.0,6.0,0.0,0.0,-2.5906,11563492,26786,32882,0
2.00419,6.0,6.0,0.0,0.0,-2.5906,11565613,26730,36239,0
2.03738,6.0,6.0,0.0,0.0,-3.2,11564038,26712,37198,0
2.03738,6.0,6.0,0.0,0.0,-3.2,11563264,26716,37151,0
2.03738,6.0,6.0,0.0,0.0,-3.2,11562795,26784,34937,0
2.05228,6.0,6.0,0.0,0.0,-3.2,11564856,26719,35517,0
2.05228,6.0,6.0,0.0,0.0,-3.2,11562784,26802,35987,0
2.05228,6.0,6.0,0.0,0.0,-3.2,11564118,26835,34047,0
2.08618,6.0,6.0,0.0,0.0,-3.2,11563945,26758,35012,0
2.08618,6.0,6.0,0.0,0.0,-3.2,11563911,26797,34460,0
2.08618,6.0,6.0,0.0,0.0,-3.2,11563564,26808,38358,0
2.11677,6.0,6.0,0.0,0.0,-3.2,11563211,26779,34342,0
2.11677,6.0,6.0,0.0,0.0,-3.2,11562760,26732,31323,0
2.11677,6.0,6.0,0.0,0.0,-3.2,11563619,26704,33280,0
2.14865,6.0,6.0,0.0,0.0,-3.2,11563311,26861,35168,0
2.14865,6.0,6.0,0.0,0.0,-3.2,11562770,26773,35553,0
2.14865,6.0,6.0,0.0,0.0,-3.2,11563925,26758,38101,0
2.1811,6.0,6.0,0.0,0.0,-3.2,11562676,26770,33726,0
2.1811,6.0,6.0,0.0,0.0,-3.2,11563327,26856,33085,0
2.1811,6.0,6.0,0.0,0.0,-3.2,11562500,26820,33339,0
2.21251,6.0,6.0,0.0,0.0,-3.2,11564154,26709,34213,0
2.21251,6.0,6.0,0.0,0.0,-3.2,11562902,26800,35222,0
2.21251,6.0,6.0,0.0,0.0,-3.2,11562412,26892,34123,0
2.24442,6.0,6.0,0.0,0.0,-3.2,11562628,26715,36520,0
2.24442,6.0,6.0,0.0,0.0,-3.2,11564567,26776,33799,0
2.24442,6.0,6.0,0.0,0.0,-3.2,11562948,26767,35331,0
2.2763,6.0,6.0,0.0,0.0,-3.8625,11564191,26755,39774,0
2.27848,6.0,6.0,0.0,0.0,-3.8625,11561715,26769,33914,0
2.27848,6.0,6.0,0.0,0.0,-3.8625,11563505,26819,34028,0
2.30819,6.0,6.0,0.0,0.0,-3.8625,11563678,26795,35988,0
2.30819,6.0,6.0,0.0,0.0,-3.8625,11562854,26760,32077,0
2.30819,6.0,6.0,0.0,0.0,-3.8625,11563645,26844,38634,0
2.32434,6.0,6.0,0.0,0.0,-3.8625,11564263,26711,33338,0
2.32691,6.0,6.0,0.0,0.0,-3.8625,11565856,26702,38128,0
2.32691,6.0,6.0,0.0,0.0,-3.8625,11563041,26762,33860,0
2.35849,6.0,6.0,0.0,0.0,-3.8625,11563792,26797,34511,0
2.35849,6.0,6.0,0.0,0.0,-3.8625,11562809,26871,32178,0
2.35849,6.0,6.0,0.0,0.0,-3.8625,11564241,26746,31315,0
2.3924,6.0,6.0,0.0,0.0,-3.8625,11564452,26847,36262,0
2.3924,6.0,6.0,0.0,0.0,-3.8625,11563957,26790,34995,0
2.3924,6.0,6.0,0.0,0.0,-3.8625,11563318,26801,39935,0
2.42258,6.0,6.0,0.0,0.0,-3.8625,11562273,26791,39440,0
2.42258,6.0,6.0,0.0,0.0,-3.8625,11564452,26761,34336,0
2.42258,6.0,6.0,0.0,0.0,-3.8625,11564797,26784,31989,0
2.45473,6.0,6.0,0.0,0.0,-4.5875,11564118,26777,33304,0
2.45624,6.0,6.0,0.0,0.0,-4.5875,11563321,26796,35038,0
2.45624,6.0,6.0,0.0,0.0,-4.5875,11563306,26774,32217,0
2.488,6.0,6.0,0.0,0.0,-4.5875,11564330,26768,35588,0
2.488,6.0,6.0,0.0,0.0,-4.5875,11562721,26727,38292,0
2.488,6.0,6.0,0.0,0.0,-4.5875,11563505,26727,38080,0
2.52013,6.0,6.0,0.0,0.0,-4.5875,11563079,26786,38704,0
2.52013,6.0,6.0,0.0,0.0,-4.5875,11561941,26770,33189,0
2.52013,6.0,6.0,0.0,0.0,-4.5875,11562863,26722,33105,0
2.53631,6.0,6.0,0.0,0.0,-4.5875,11564452,26797,35980,0
2.53631,6.0,6.0,0.0,0.0,-4.5875,11565962,26705,34642,0
2.53631,6.0,6.0,0.0,0.0,-4.5875,11563005,26780,35404,0
2.56646,6.0,6.0,0.0,0.0,-4.5875,11563719,26742,36319,0
2.56646,6.0,6.0,0.0,0.0,-4.5875,11563604,26652,34510,0
2.56646,6.0,6.0,0.0,0.0,-4.5875,11563719,26728,34229,0
2.59836,6.0,6.0,0.0,0.0,-4.5875,11564062,26821,33610,0
2.59836,6.0,6.0,0.0,0.0,-4.5875,11563373,26710,34240,0
2.59836,6.0,6.0,0.0,0.0,-4.5875,11563697,26803,32120,0
2.63221,6.0,6.0,0.0,0.0,-4.5875,11564571,26742,34919,0
2.63221,6.0,6.0,0.0,0.0,-4.5875,11563373,26789,32102,0
2.63221,6.0,6.0,0.0,0.0,-4.5875,11564452,26787,33599,0
2.66146,6.0,6.0,0.0,0.0,-4.5875,11561667,26795,34780,0
2.66403,6.0,6.0,0.0,0.0,-4.5875,11563323,26750,34002,0
2.66403,6.0,6.0,0.0,0.0,-4.5875,11563309,26788,30053,0
2.69297,6.0,6.0,0.0,0.0,-5.3594,11564263,26790,37376,0
2.69297,6.0,6.0,0.0,0.0,-5.3594,11564390,26710,37518,0
2.69297,6.0,6.0,0.0,0.0,-5.3594,11564955,26845,37044,0
2.72428,6.0,6.0,0.0,0.0,-5.3594,11564271,26743,36777,0
2.72428,6.0,6.0,0.0,0.0,-5.3594,11563492,26762,36622,0
2.72428,6.0,6.0,0.0,0.0,-5.3594,11563534,26714,36845,0
2.75642,6.0,6.0,0.0,0.0,-5.3594,11564974,26784,34495,0
2.75837,6.0,6.0,0.0,0.0,-5.3594,11563110,26683,40443,0
2.75837,6.0,6.0,0.0,0.0,-5.3594,11564490,26788,36948,0
2.78842,6.0,6.0,0.0,0.0,-5.3594,11563207,26803,35341,0
2.78842,6.0,6.0,0.0,0.0,-5.3594,11562936,26780,37061,0
2.78842,6.0,6.0,0.0,0.0,-5.3594,11562734,26735,34558,0
2.82365,6.0,6.0,0.0,0.0,-5.3594,11564955,26824,36478,0
2.82365,6.0,6.0,0.0,0.0,-5.3594,11564118,26833,36066,0
2.82365,6.0,6.0,0.0,0.0,-5.3594,11564254,26722,34780,0
2.83649,6.0,6.0,0.0,0.0,-5.3594,11563373,26789,33735,0
2.83649,6.0,6.0,0.0,0.0,-5.3594,11563373,26813,31191,0
2.83649,6.0,6.0,0.0,0.0,-5.3594,11563373,26820,36113,0
2.87629,6.0,6.0,0.0,0.0,-5.3594,11563373,26688,37100,0
2.87629,6.0,6.0,0.0,0.0,-6.2031,11563276,26833,35733,0
2.87629,6.0,6.0,0.0,0.0,-6.2031,11564112,26730,37588,0
2.90607,6.0,6.0,0.0,0.0,-6.2031,11562953,26772,36821,0
2.90607,6.0,6.0,0.0,0.0,-6.2031,11562312,26687,34878,0
2.90607,6.0,6.0,0.0,0.0,-6.2031,11567823,26722,33614,0
2.9366,6.0,6.0,0.0,0.0,-6.2031,11563925,26744,32895,0
2.9366,6.0,6.0,0.0,0.0,-6.2031,11561477,26781,33537,0
2.9366,6.0,6.0,0.0,0.0,-6.2031,11562760,26752,33456,0
2.95621,6.0,6.0,0.0,0.0,-6.2031,11564062,26735,33722,0
2.95621,6.0,6.0,0.0,0.0,-6.2031,11564742,26733,33819,0
2.95621,6.0,6.0,0.0,0.0,-6.2031,11563505,26781,31671,0
2.98808,6.0,6.0,0.0,0.0,-6.2031,11564179,26771,32408,0
2.98808,6.0,6.0,0.0,0.0,-6.2031,11563233,26799,32583,0
2.98808,6.0,6.0,0.0,0.0,-6.2031,11564877,26703,35997,0
3.02348,6.0,6.0,0.0,0.0,-6.2031,11563551,26806,33430,0
3.02348,6.0,6.0,0.0,0.0,-6.2031,11564118,26697,31465,0
3.02348,6.0,6.0,0.0,0.0,-6.2031,11564580,26768,36184,0
3.05055,6.0,6.0,0.0,0.0,-6.2031,11564725,26787,37628,0
3.05055,6.0,6.0,0.0,0.0,-6.2031,11563731,26729,35684,0
3.05055,6.0,6.0,0.0,0.0,-6.2031,11563957,26772,37899,0
3.08227,6.0,6.0,0.0,0.0,-6.2031,11563773,26708,35411,0
3.08227,6.0,6.0,0.0,0.0,-6.2031,11564271,26712,36122,0
3.08227,6.0,6.0,0.0,0.0,-7.1375,11562660,26777,33566,0
3.1151,6.0,6.0,0.0,0.0,-7.1375,11563773,26782,33533,0
3.1151,6.0,6.0,0.0,0.0,-7.1375,11563985,26703,36159,0
3.1151,6.0,6.0,0.0,0.0,-7.1375,11563897,26881,34834,0
3.14618,6.0,6.0,0.0,0.0,-7.1375,11562884,26739,33319,0
3.14814,6.0,6.0,0.0,0.0,-7.1375,11564147,26720,36920,0
3.14814,6.0,6.0,0.0,0.0,-7.1375,11564978,26731,33386,0
3.17783,6.0,6.0,0.0,0.0,-7.1375,11563588,26728,35262,0
3.17783,6.0,6.0,0.0,0.0,-7.1375,11563172,26791,34127,0
3.17783,6.0,6.0,0.0,0.0,-7.1375,11562892,26698,35848,0
3.19702,6.0,6.0,0.0,0.0,-7.1375,11563945,26794,36285,0
3.19702,6.0,6.0,0.0,0.0,-7.1375,11562971,26807,31853,0
3.19702,6.0,6.0,0.0,0.0,-7.1375,11563848,26823,34116,0
3.22816,6.0,6.0,0.0,0.0,-7.1375,11565486,26742,30943,0
3.22816,6.0,6.0,0.0,0.0,-7.1375,11562280,26808,33639,0
3.22816,6.0,6.0,0.0,0.0,-7.1375,11563227,26818,33432,0
3.25899,6.0,6.0,0.0,0.0,-7.1375,11563871,26735,32972,0
3.25899,6.0,6.0,0.0,0.0,-7.1375,11562606,26765,37373,0
3.25899,6.0,6.0,0.0,0.0,-7.1375,11565146,26710,35072,0
3.29046,6.0,6.0,0.0,0.0,-7.1375,11567698,26699,31115,0
3.29364,6.0,6.0,0.0,0.0,-7.1375,11564393,26765,33704,0
3.29364,6.0,6.0,0.0,0.0,-7.1375,11562851,26780,33764,0
3.32207,6.0,6.0,0.0,0.0,-8.0437,11563761,26800,36168,1
3.32207,6.0,6.0,0.0,0.0,-8.0437,11564900,26780,34726,1
3.32207,6.0,6.0,0.0,0.0,-8.0437,11565068,26747,33569,1
3.3582,6.0,6.0,0.0,0.0,-8.0437,11562845,26716,35935,1
3.3582,6.0,6.0,0.0,0.0,-8.0437,11563919,26734,34669,1
3.3582,6.0,6.0,0.0,0.0,-8.0437,11563875,26726,34620,1
3.3862,6.0,6.0,0.0,0.0,-8.0437,11565552,26710,35287,1
3.3862,6.0,6.0,0.0,0.0,-8.0437,11564691,26782,33165,1
3.3862,6.0,6.0,0.0,0.0,-8.0437,11563373,26735,33395,1
3.41735,6.0,6.0,0.0,0.0,-8.0437,11562914,26782,32355,1
3.41735,6.0,6.0,0.0,0.0,-8.0437,11564229,26868,35285,1
3.41735,6.0,6.0,0.0,0.0,-8.0437,11563282,26747,34329,1
3.44889,6.0,6.0,0.0,0.0,-8.0437,11563678,26774,35000,1
3.44889,6.0,6.0,0.0,0.0,-8.0437,11565570,26706,35479,1
3.44889,6.0,6.0,0.0,0.0,-8.0437,11562991,26717,33826,1
3.48069,6.0,6.0,0.0,0.0,-8.0437,11562709,26788,35113,1
3.4827,6.0,6.0,0.0,0.0,-8.0437,11563127,26813,32957,1
3.4827,6.0,6.0,0.0,0.0,-8.0437,11564397,26714,33758,1
3.49633,6.0,6.0,0.0,0.0,-8.0437,11564820,26817,34943,1
3.49633,6.0,6.0,0.0,0.0,-8.0437,11563373,26753,36939,1
3.49633,6.0,6.0,0.0,0.0,-8.0437,11563827,26734,41016,1
3.52811,6.0,6.0,0.0,0.0,-8.9656,11562697,26754,35288,1
3.5295,6.0,6.0,0.0,0.0,-8.9656,11564833,26811,34055,1
3.5295,6.0,6.0,0.0,0.0,-8.9656,11565413,26834,35145,1
3.55996,6.0,6.0,0.0,0.0,-8.9656,11565343,26795,39264,1
3.55996,6.0,6.0,0.0,0.0,-8.9656,11564888,26852,38750,1
3.55996,6.0,6.0,0.0,0.0,-8.9656,11565509,26758,36899,1
3.59509,6.0,6.0,0.0,0.0,-8.9656,11564939,26699,31755,1
3.59509,6.0,6.0,0.0,0.0,-8.9656,11562412,26810,35659,1
3.59509,6.0,6.0,0.0,0.0,-8.9656,11564118,26824,35909,1
3.62333,6.0,6.0,0.0,0.0,-8.9656,11563579,26775,35670,1
3.62647,6.0,6.0,0.0,0.0,-8.9656,11564170,26836,34020,1
3.62647,6.0,6.0,0.0,0.0,-8.9656,11563935,26741,34177,1
3.65493,6.0,6.0,0.0,0.0,-8.9656,11563373,26796,33581,1
3.65493,6.0,6.0,0.0,0.0,-8.9656,11567561,26812,33775,1
3.65493,6.0,6.0,0.0,0.0,-8.9656,11564348,26733,37665,1
3.69242,6.0,6.0,0.0,0.0,-8.9656,11564241,26805,35181,1
3.69242,6.0,6.0,0.0,0.0,-8.9656,11565246,26738,37324,1
3.69242,6.0,6.0,0.0,0.0,-8.9656,11564050,26784,33313,1
3.7181,6.0,6.0,0.0,0.0,-9.9031,11564032,26757,33114,1
3.71921,6.0,6.0,0.0,0.0,-9.9031,11563512,26744,31388,1
3.71921,6.0,6.0,0.0,0.0,-9.9031,11564010,26751,36930,1
3.7354,6.0,6.0,0.0,0.0,-9.9031,11563992,26799,34902,1
3.7354,6.0,6.0,0.0,0.0,-9.9031,11561612,26883,35613,1
3.73641,6.0,6.0,0.0,0.0,-9.9031,11562412,26811,34326,1
3.76618,6.0,6.0,0.0,0.0,-9.9031,11563725,26788,36213,1
3.76847,6.0,6.0,0.0,0.0,-9.9031,11562885,26722,33108,1
3.76847,6.0,6.0,0.0,0.0,-9.9031,11562948,26808,34406,1
3.79777,6.0,6.0,0.0,0.0,-9.9031,11562259,26722,32457,1
3.79777,6.0,6.0,0.0,0.0,-9.9031,11561936,26824,38542,1
3.79777,6.0,6.0,0.0,0.0,-9.9031,11563505,26777,32001,1
3.82958,6.0,6.0,0.0,0.0,-9.9031,11563021,26724,33210,1
3.82958,6.0,6.0,0.0,0.0,-9.9031,11562218,26823,35834,1
3.82958,6.0,6.0,0.0,0.0,-9.9031,11562043,26800,31519,1
3.861,6.0,6.0,0.0,0.0,-9.9031,11563229,26790,37299,1
3.861,6.0,6.0,0.0,0.0,-9.9031,11568349,26713,38036,1
3.861,6.0,6.0,0.0,0.0,-9.9031,11562857,26719,34868,1
3.89309,6.0,6.0,0.0,0.0,-9.9031,11563079,26637,33125,1
3.89309,6.0,6.0,0.0,0.0,-9.9031,11561012,26748,31328,1
3.89309,6.0,6.0,0.0,0.0,-9.9031,11563135,26813,32061,1
3.92635,6.0,6.0,0.0,0.0,-10.8063,11566339,26768,34106,1
3.92635,6.0,6.0,0.0,0.0,-10.8063,11562229,26728,31522,1
3.92635,6.0,6.0,0.0,0.0,-10.8063,11562721,26771,36424,1
3.96153,6.0,6.0,0.0,0.0,-10.8063,11564300,26714,37566,1
3.96285,6.0,6.0,0.0,0.0,-10.8063,11562960,26749,31216,1
3.96285,6.0,6.0,0.0,0.0,-10.8063,11567328,26742,34945,1
3.97742,6.0,6.0,0.0,0.0,-10.8063,11563505,26798,33331,1
3.97742,6.0,6.0,0.0,0.0,-10.8063,11562354,26782,35940,1
3.97742,6.0,6.0,0.0,0.0,-10.8063,11561350,26861,34360,1
4.00951,6.0,6.0,0.0,0.0,-10.8063,11563373,26738,38643,1
4.01268,6.0,6.0,0.0,0.0,-10.8063,11565025,26782,35065,1
4.01268,6.0,6.0,0.0,0.0,-10.8063,11563373,26732,33896,1
4.04089,6.0,6.0,0.0,0.0,-10.8063,11562754,26787,31315,1
4.04089,6.0,6.0,0.0,0.0,-10.8063,11563915,26770,33420,1
4.04089,6.0,6.0,0.0,0.0,-10.8063,11563863,26787,30940,1
4.0719,6.0,6.0,0.0,0.0,-10.8063,11563373,26762,34606,1
4.0719,6.0,6.0,0.0,0.0,-10.8063,11563373,26684,32356,1
4.0719,6.0,6.0,0.0,0.0,-10.8063,11563147,26788,33015,1
4.10328,6.0,6.0,0.0,0.0,-10.8063,11563543,26790,32797,1
4.1049,6.0,6.0,0.0,0.0,-10.8063,11565467,26810,33678,1
4.1049,6.0,6.0,0.0,0.0,-10.8063,11562706,26740,36757,1
4.13653,6.0,6.0,0.0,0.0,-11.7469,11565718,26834,33773,1
4.13653,6.0,6.0,0.0,0.0,-11.7469,11562892,26779,32573,1
4.13653,6.0,6.0,0.0,0.0,-11.7469,11565013,26790,32571,1
4.17383,6.0,6.0,0.0,0.0,-11.7469,11563373,26756,33836,1
4.17383,6.0,6.0,0.0,0.0,-11.7469,11563079,26777,32718,1
4.17383,6.0,6.0,0.0,0.0,-11.7469,11562863,26769,34341,1
4.1874,6.0,6.0,0.0,0.0,-11.7469,11563505,26787,35246,1
4.1874,6.0,6.0,0.0,0.0,-11.7469,11564367,26867,38183,1
4.1874,6.0,6.0,0.0,0.0,-11.7469,11564263,26751,36092,1
4.22122,6.0,6.0,0.0,0.0,-11.7469,11564340,26729,37449,1
4.22122,6.0,6.0,0.0,0.0,-11.7469,11564512,26826,30675,1
4.22122,6.0,6.0,0.0,0.0,-11.7469,11564131,26802,36244,1
4.25129,6.0,6.0,0.0,0.0,-11.7469,11563373,26775,34940,1
4.25275,6.0,6.0,0.0,0.0,-11.7469,11563018,26796,34368,1
4.25275,6.0,6.0,0.0,0.0,-11.7469,11563534,26788,38197,1
4.2823,6.0,6.0,0.0,0.0,-11.7469,11563250,26747,31907,1
4.2823,6.0,6.0,0.0,0.0,-11.7469,11566029,26792,38921,1
4.2823,6.0,6.0,0.0,0.0,-11.7469,11562615,26721,35187,1
4.31634,6.0,6.0,0.0,0.0,-11.7469,11563041,26800,34673,1
4.31634,6.0,6.0,0.0,0.0,-11.7469,11562936,26825,33565,1
4.31634,6.0,6.0,0.0,0.0,-11.7469,11564226,26786,34886,1
4.34644,6.0,6.0,0.0,0.0,-12.7031,11563773,26723,37452,1
4.34644,6.0,6.0,0.0,0.0,-12.7031,11564730,26812,33974,1
4.34644,6.0,6.0,0.0,0.0,-12.7031,11564518,26826,34787,1
4.37781,6.0,6.0,0.0,0.0,-12.7031,11563710,26812,29929,1
4.37781,6.0,6.0,0.0,0.0,-12.7031,11564896,26795,35312,1
4.37781,6.0,6.0,0.0,0.0,-12.7031,11563211,26784,36065,1
4.40967,6.0,6.0,0.0,0.0,-12.7031,11562892,26772,34447,1
4.40967,6.0,6.0,0.0,0.0,-12.7031,11563619,26817,32175,1
4.40967,6.0,6.0,0.0,0.0,-12.7031,11563123,26769,36285,1
4.44177,6.0,6.0,0.0,0.0,-12.7031,11562770,26719,35778,1
4.44394,6.0,6.0,0.0,0.0,-12.7031,11563925,26761,35697,1
4.44394,6.0,6.0,0.0,0.0,-12.7031,11563719,26753,34878,1
4.45751,6.0,6.0,0.0,0.0,-12.7031,11564491,26802,32493,1
4.45751,6.0,6.0,0.0,0.0,-12.7031,11564427,26778,33206,1
4.45751,6.0,6.0,0.0,0.0,-12.7031,11564318,26778,30829,1
4.48945,6.0,6.0,0.0,0.0,-12.7031,11563735,26731,36058,1
4.49073,6.0,6.0,0.0,0.0,-12.7031,11566190,26761,36192,1
4.49073,6.0,6.0,0.0,0.0,-12.7031,11564886,26699,37504,1
4.52123,6.0,6.0,0.0,0.0,-12.7031,11563373,26741,37313,1
4.52123,6.0,6.0,0.0,0.0,-12.7031,11563155,26842,35995,1
4.52123,6.0,6.0,0.0,0.0,-12.7031,11563908,26801,36681,1
4.55355,6.0,6.0,0.0,0.0,-13.6156,11562565,26778,39407,1
4.55355,6.0,6.0,0.0,0.0,-13.6156,11563373,26852,36892,1
4.55355,6.0,6.0,0.0,0.0,-13.6156,11563478,26764,35711,1
4.58619,6.0,6.0,0.0,0.0,-13.6156,11564050,26742,33047,1
4.58619,6.0,6.0,0.0,0.0,-13.6156,11564045,26767,32516,1
4.58619,6.0,6.0,0.0,0.0,-13.6156,11561223,26749,32769,1
4.61657,6.0,6.0,0.0,0.0,-13.6156,11562892,26788,29646,1
4.61657,6.0,6.0,0.0,0.0,-13.6156,11562635,26709,34162,1
4.61657,6.0,6.0,0.0,0.0,-13.6156,11564691,26749,38046,1
4.64804,6.0,6.0,0.0,0.0,-13.6156,11561985,26670,32883,1
4.64804,6.0,6.0,0.0,0.0,-13.6156,11562676,26742,30312,1
4.64804,6.0,6.0,0.0,0.0,-13.6156,11565509,26759,29072,1
4.68019,6.0,6.0,0.0,0.0,-13.6156,11563187,26766,34582,1
4.68019,6.0,6.0,0.0,0.0,-13.6156,11564427,26870,33533,1
4.68019,6.0,6.0,0.0,0.0,-13.6156,11563216,26827,31558,1
4.69779,6.0,6.0,0.0,0.0,-13.6156,11562775,26639,33566,1
4.69779,6.0,6.0,0.0,0.0,-13.6156,11564131,26781,32102,1
4.69779,6.0,6.0,0.0,0.0,-13.6156,11562931,26720,36075,1
4.7286,6.0,6.0,0.0,0.0,-13.6156,11563592,26706,38947,1
4.7286,6.0,6.0,0.0,0.0,-13.6156,11563013,26793,34064,1
4.7286,6.0,6.0,0.0,0.0,-13.6156,11565169,26716,36551,1
4.76036,6.0,6.0,0.0,0.0,-14.5437,11562784,26754,39381,1
4.76036,6.0,6.0,0.0,0.0,-14.5437,11562892,26811,35512,1
4.76036,6.0,6.0,0.0,0.0,-14.5437,11563684,26802,32412,1
4.79235,6.0,6.0,0.0,0.0,-14.5437,11563373,26714,31727,1
4.79235,6.0,6.0,0.0,0.0,-14.5437,11563090,26763,32159,1
4.79235,6.0,6.0,0.0,0.0,-14.5437,11564179,26801,28015,1
4.82471,6.0,6.0,0.0,0.0,-14.5437,11564118,26723,33333,1
4.82471,6.0,6.0,0.0,0.0,-14.5437,11562245,26781,31652,1
4.82471,6.0,6.0,0.0,0.0,-14.5437,11563311,26795,28649,1
4.85636,6.0,6.0,0.0,0.0,-14.5437,11563030,26808,31517,1
4.85636,6.0,6.0,0.0,0.0,-14.5437,11564335,26742,30329,1
4.85636,6.0,6.0,0.0,0.0,-14.5437,11568557,26702,34009,1
4.8775,6.0,6.0,0.0,0.0,-14.5437,11563327,26754,31978,1
4.8796,6.0,6.0,0.0,0.0,-14.5437,11563140,26710,33226,1
4.8796,6.0,6.0,0.0,0.0,-14.5437,11561732,26779,33164,1
4.91083,6.0,6.0,0.0,0.0,-14.5437,11563848,26815,37236,1
4.91083,6.0,6.0,0.0,0.0,-14.5437,11567055,26825,34378,1
4.91083,6.0,6.0,0.0,0.0,-14.5437,11562845,26780,36723,1
4.94216,6.0,6.0,0.0,0.0,-14.5437,11562721,26804,30878,1
4.94216,6.0,6.0,0.0,0.0,-14.5437,11563088,26791,31887,1
4.94216,6.0,6.0,0.0,0.0,-14.5437,11562647,26820,33032,1
4.97951,6.0,6.0,0.0,0.0,-15.5094,11566781,26832,34303,1
4.97951,6.0,6.0,0.0,0.0,-15.5094,11562147,26716,27693,1
4.97951,6.0,6.0,0.0,0.0,-15.5094,11562760,26827,36316,1
5.00631,6.0,6.0,0.0,0.0,-15.5094,11563110,26771,35544,1
5.00631,6.0,6.0,0.0,0.0,-15.5094,11563005,26817,34990,1
5.00631,6.0,6.0,0.0,0.0,-15.5094,11563992,26699,33387,1
5.03847,6.0,6.0,0.0,0.0,-15.5094,11563848,26869,31362,1
5.03847,6.0,6.0,0.0,0.0,-15.5094,11562266,26860,32356,1
5.03847,6.0,6.0,0.0,0.0,-15.5094,11562826,26791,35021,1
5.07191,6.0,6.0,0.0,0.0,-15.5094,11562879,26813,34146,1
5.07191,6.0,6.0,0.0,0.0,-15.5094,11564397,26720,33942,1
5.07191,6.0,6.0,0.0,0.0,-15.5094,11566505,26798,31946,1
5.10382,6.0,6.0,0.0,0.0,-15.5094,11563645,26767,33674,1
5.10382,6.0,6.0,0.0,0.0,-15.5094,11563711,26773,31652,1
5.10382,6.0,6.0,0.0,0.0,-15.5094,11563373,26803,33036,1
5.11836,6.0,6.0,0.0,0.0,-15.5094,11563041,26866,33165,1
5.11836,6.0,6.0,0.0,0.0,-15.5094,11565088,26729,38380,1
5.11836,6.0,6.0,0.0,0.0,-15.5094,11562147,26723,34441,1
5.15087,6.0,6.0,0.0,0.0,-15.5094,11562212,26714,35653,1
5.15087,6.0,6.0,0.0,0.0,-15.5094,11561660,26784,36712,1
5.15087,6.0,6.0,0.0,0.0,-15.5094,11563079,26701,39679,1
5.18285,6.0,6.0,0.0,0.0,-16.4312,11564742,26701,38087,1
5.18285,6.0,6.0,0.0,0.0,-16.4312,11562147,26768,31609,1
5.18285,6.0,6.0,0.0,0.0,-16.4312,11563672,26785,31053,1
5.21471,6.0,6.0,0.0,0.0,-16.4312,11561788,26741,32432,1
5.21471,6.0,6.0,0.0,0.0,-16.4312,11563636,26816,33675,1
5.21471,6.0,6.0,0.0,0.0,-16.4312,11565350,26739,31610,1
5.24642,6.0,6.0,0.0,0.0,-16.4312,11562273,26778,31708,1
5.24642,6.0,6.0,0.0,0.0,-16.4312,11562624,26818,30653,1
5.24642,6.0,6.0,0.0,0.0,-16.4312,11562256,26722,34449,1
5.27902,6.0,6.0,0.0,0.0,-16.4312,11562741,26751,33530,1
5.27902,6.0,6.0,0.0,0.0,-16.4312,11563373,26737,35335,1
5.27902,6.0,6.0,0.0,0.0,-16.4312,11566190,26669,33579,1
5.31251,6.0,6.0,0.0,0.0,-16.4312,11563018,26815,34633,1
5.31251,6.0,6.0,0.0,0.0,-16.4312,11562767,26750,32609,1
5.31251,6.0,6.0,0.0,0.0,-16.4312,11563373,26758,35088,1
5.34331,6.0,6.0,0.0,0.0,-16.4312,11563373,26765,32759,1
5.34331,6.0,6.0,0.0,0.0,-16.4312,11568290,26793,33034,1
5.34625,6.0,6.0,0.0,0.0,-16.4312,11562892,26810,31108,1
5.36695,6.0,6.0,0.0,0.0,-16.4312,11563373,26835,32806,1
5.36695,6.0,6.0,0.0,0.0,-16.4312,11564111,26735,36110,1
5.36695,6.0,6.0,0.0,0.0,-16.4312,11565176,26807,36969,1
5.40139,6.0,6.0,0.0,0.0,-17.3969,11563697,26705,31634,1
5.40139,6.0,6.0,0.0,0.0,-17.3969,11564452,26827,32009,1
5.40139,6.0,6.0,0.0,0.0,-17.3969,11563373,26765,33580,1
5.41758,6.0,6.0,0.0,0.0,-17.3969,11563000,26782,37054,1
5.41758,6.0,6.0,0.0,0.0,-17.3969,11562088,26735,35066,1
5.41758,6.0,6.0,0.0,0.0,-17.3969,11562826,26753,34083,1
5.44903,6.0,6.0,0.0,0.0,-17.3969,11571435,26763,32096,1
5.44903,6.0,6.0,0.0,0.0,-17.3969,11562816,26760,34785,1
5.44903,6.0,6.0,0.0,0.0,-17.3969,11563490,26694,34438,1
5.48125,6.0,6.0,0.0,0.0,-17.3969,11561969,26739,35392,1
5.48125,6.0,6.0,0.0,0.0,-17.3969,11564201,26680,36003,1
5.48125,6.0,6.0,0.0,0.0,-17.3969,11563619,26819,32431,1
5.52078,6.0,6.0,0.0,0.0,-17.3969,11563197,26736,33802,1
5.52078,6.0,6.0,0.0,0.0,-17.3969,11562226,26761,36423,1
5.52078,6.0,6.0,0.0,0.0,-17.3969,11562656,26792,38013,1
5.54344,6.0,6.0,0.0,0.0,-17.3969,11561699,26712,35473,1
5.54344,6.0,6.0,0.0,0.0,-17.3969,11561827,26775,36289,1
5.54344,6.0,6.0,0.0,0.0,-17.3969,11562892,26811,34859,1
5.57512,6.0,6.0,0.0,0.0,-17.3969,11562704,26692,34984,1
5.57512,6.0,6.0,0.0,0.0,-17.3969,11562312,26707,34340,1
5.57512,6.0,6.0,0.0,0.0,-17.3969,11562907,26817,36996,1
5.60771,6.0,6.0,0.0,0.0,-18.3281,11564318,26802,34373,1
5.60771,6.0,6.0,0.0,0.0,-18.3281,11559422,26778,31755,1
5.60771,6.0,6.0,0.0,0.0,-18.3281,11561679,26795,32426,1
5.63865,6.0,6.0,0.0,0.0,-18.3281,11563619,26735,33160,1
5.63865,6.0,6.0,0.0,0.0,-18.3281,11562285,26703,34254,1
5.63865,6.0,6.0,0.0,0.0,-18.3281,11562712,26740,30396,1
5.6699,6.0,6.0,0.0,0.0,-18.3281,11563373,26782,33055,1
5.6699,6.0,6.0,0.0,0.0,-18.3281,11565315,26708,33884,1
5.6699,6.0,6.0,0.0,0.0,-18.3281,11563957,26844,35753,1
5.70149,6.0,6.0,0.0,0.0,-18.3281,11563452,26784,35893,1
5.70149,6.0,6.0,0.0,0.0,-18.3281,11584326,26815,30304,1
5.70149,6.0,6.0,0.0,0.0,-18.3281,11561037,26824,30298,1
5.72015,6.0,6.0,0.0,0.0,-18.3281,11564224,26859,35211,1
5.72015,6.0,6.0,0.0,0.0,-18.3281,11562370,26852,36083,1
5.72015,6.0,6.0,0.0,0.0,-18.3281,11561827,26778,33951,1
5.75263,6.0,6.0,0.0,0.0,-18.3281,11563482,26735,35977,1
5.75263,6.0,6.0,0.0,0.0,-18.3281,11562333,26698,33459,1
5.75263,6.0,6.0,0.0,0.0,-18.3281,11562892,26761,29452,1
5.78509,6.0,6.0,0.0,0.0,-18.3281,11562690,26748,35358,1
5.78509,6.0,6.0,0.0,0.0,-18.3281,11563032,26721,35838,1
5.78509,6.0,6.0,0.0,0.0,-18.3281,11560937,26855,33676,1
5.81887,6.0,6.0,0.0,0.0,-19.2656,11565746,26742,32123,1
5.81997,6.0,6.0,0.0,0.0,-19.2656,11562892,26783,35707,1
5.81997,6.0,6.0,0.0,0.0,-19.2656,11562130,26713,32709,1
5.85109,6.0,6.0,0.0,0.0,-19.2656,11564074,26703,37899,1
5.85109,6.0,6.0,0.0,0.0,-19.2656,11563551,26739,34558,1
5.85109,6.0,6.0,0.0,0.0,-19.2656,11564820,26670,31681,1
5.86983,6.0,6.0,0.0,0.0,-19.2656,11559422,26806,35395,1
5.86983,6.0,6.0,0.0,0.0,-19.2656,11562143,26713,30380,1
5.86983,6.0,6.0,0.0,0.0,-19.2656,11561827,26761,30414,1
5.90175,6.0,6.0,0.0,0.0,-19.2656,11561290,26783,29507,1
5.90175,6.0,6.0,0.0,0.0,-19.2656,11563250,26772,34164,1
5.90175,6.0,6.0,0.0,0.0,-19.2656,11562312,26749,31518,1
5.93663,6.0,6.0,0.0,0.0,-19.2656,11561718,26764,29339,1
5.93663,6.0,6.0,0.0,0.0,-19.2656,11562706,26795,28416,1
5.93663,6.0,6.0,0.0,0.0,-19.2656,11564109,26724,36172,1
5.96897,6.0,6.0,0.0,0.0,-19.2656,11562942,26841,31162,1
5.96897,6.0,6.0,0.0,0.0,-19.2656,11561329,26747,31270,1
5.96897,6.0,6.0,0.0,0.0,-19.2656,11562147,26819,31181,1
6.00112,6.0,6.0,0.0,0.0,-20.1719,11561446,26877,34905,1
6.00112,6.0,6.0,0.0,0.0,-20.1719,11573500,26766,36291,1
6.00112,6.0,6.0,0.0,0.0,-20.1719,11562056,26765,30209,1
6.01934,6.0,6.0,0.0,0.0,-20.1719,11564318,26789,29633,1
6.02077,6.0,6.0,0.0,0.0,-20.1719,11562412,26811,29876,1
6.02077,6.0,6.0,0.0,0.0,-20.1719,11562120,26784,34815,1
6.05126,6.0,6.0,0.0,0.0,-20.1719,11563312,26746,29917,1
6.05126,6.0,6.0,0.0,0.0,-20.1719,11561877,26786,30455,1
6.05126,6.0,6.0,0.0,0.0,-20.1719,11562854,26801,33079,1
6.08164,6.0,6.0,0.0,0.0,-20.1719,11564580,26789,35612,1
6.08164,6.0,6.0,0.0,0.0,-20.1719,11562826,26712,36074,1
6.08164,6.0,6.0,0.0,0.0,-20.1719,11562691,26743,31963,1
6.11516,6.0,6.0,0.0,0.0,-20.1719,11561414,26780,31160,1
6.11667,6.0,6.0,0.0,0.0,-20.1719,11562031,26813,35548,1
6.11821,6.0,6.0,0.0,0.0,-20.1719,11563807,26807,35950,1
6.1469,6.0,6.0,0.0,0.0,-20.1719,11561054,26708,32698,1
6.1469,6.0,6.0,0.0,0.0,-20.1719,11560735,26686,37930,1
6.1469,6.0,6.0,0.0,0.0,-20.1719,11562076,26766,29509,1
6.16622,6.0,6.0,0.0,0.0,-20.1719,11563180,26737,32572,1
6.16622,6.0,6.0,0.0,0.0,-20.1719,11559422,26720,27687,1
6.16622,6.0,6.0,0.0,0.0,-20.1719,11561667,26802,35174,1
6.20994,6.0,6.0,0.0,0.0,-21.0938,11561172,26768,31531,1
6.20994,6.0,6.0,0.0,0.0,-21.0938,11561941,26713,35924,1
6.20994,6.0,6.0,0.0,0.0,-21.0938,11562606,26821,32201,1
6.22599,6.0,6.0,0.0,0.0,-21.0938,11561744,26729,33777,1
6.22599,6.0,6.0,0.0,0.0,-21.0938,11564032,26730,37508,1
6.22599,6.0,6.0,0.0,0.0,-21.0938,11560425,26745,33408,1
6.27403,6.0,6.0,0.0,0.0,-21.0938,11562913,26691,28879,1
6.27403,6.0,6.0,0.0,0.0,-21.0938,11561218,26763,31441,1
6.27403,6.0,6.0,0.0,0.0,-21.0938,11564304,26768,33520,1
6.28991,6.0,6.0,0.0,0.0,-21.0938,11563848,26720,35741,1
6.28991,6.0,6.0,0.0,0.0,-21.0938,11561533,26822,32846,1
6.28991,6.0,6.0,0.0,0.0,-21.0938,11562453,26704,29247,1
6.3241,6.0,6.0,0.0,0.0,-21.0938,11562734,26732,33049,1
6.3241,6.0,6.0,0.0,0.0,-21.0938,11560700,26759,34311,1
6.3241,6.0,6.0,0.0,0.0,-21.0938,11563744,26777,32355,1
6.35423,6.0,6.0,0.0,0.0,-21.0938,11562147,26789,32728,1
6.35423,6.0,6.0,0.0,0.0,-21.0938,11561796,26757,35148,1
6.35423,6.0,6.0,0.0,0.0,-21.0938,11562066,26718,31647,1
6.38631,6.0,6.0,0.0,0.0,-21.0938,11562550,26789,32018,1
6.38631,6.0,6.0,0.0,0.0,-21.0938,11561083,26755,34504,1
6.38631,6.0,6.0,0.0,0.0,-21.0938,11562923,26744,35210,1
6.41839,6.0,6.0,0.0,0.0,-22.0281,11560836,26807,29877,0
6.41839,6.0,6.0,0.0,0.0,-22.0281,11562047,26756,37521,0
6.41839,6.0,6.0,0.0,0.0,-22.0281,11562074,26739,31995,0
6.45171,6.0,6.0,0.0,0.0,-22.0281,11560004,26800,33063,0
6.45171,6.0,6.0,0.0,0.0,-22.0281,11561501,26773,35457,0
6.45171,6.0,6.0,0.0,0.0,-22.0281,11561228,26809,30900,0
6.48271,6.0,6.0,0.0,0.0,-22.0281,11560543,26815,32851,0
6.48271,6.0,6.0,0.0,0.0,-22.0281,11560446,26692,32448,0
6.48271,6.0,6.0,0.0,0.0,-22.0281,11562088,26774,33438,0
6.4988,6.0,6.0,0.0,0.0,-22.0281,11560975,26764,34576,0
6.50036,6.0,6.0,0.0,0.0,-22.0281,11561054,26769,32601,0
6.50036,6.0,6.0,0.0,0.0,-22.0281,11562079,26769,35691,0
6.5308,6.0,6.0,0.0,0.0,-22.0281,11560565,26773,30014,0
6.5308,6.0,6.0,0.0,0.0,-22.0281,11562056,26773,36687,0
6.5308,6.0,6.0,0.0,0.0,-22.0281,11564179,26700,34286,0
6.56205,6.0,6.0,0.0,0.0,-22.0281,11562147,26766,32357,0
6.56205,6.0,6.0,0.0,0.0,-22.0281,11561022,26772,32437,0
6.56205,6.0,6.0,0.0,0.0,-22.0281,11560389,26738,37658,0
6.59357,6.0,6.0,0.0,0.0,-22.0281,11560480,26800,33356,0
6.59357,6.0,6.0,0.0,0.0,-22.0281,11562156,26651,33227,0
6.59357,6.0,6.0,0.0,0.0,-22.0281,11561433,26813,30861,0
6.62623,6.0,6.0,0.0,0.0,-22.9469,11560425,26794,37576,0
6.62623,6.0,6.0,0.0,0.0,-22.9469,11561125,26754,37780,0
6.62623,6.0,6.0,0.0,0.0,-22.9469,11561218,26768,33153,0
6.65698,6.0,6.0,0.0,0.0,-22.9469,11561404,26751,31734,0
6.65698,6.0,6.0,0.0,0.0,-22.9469,11561969,26778,32860,0
6.65698,6.0,6.0,0.0,0.0,-22.9469,11561054,26834,35543,0
6.69501,6.0,6.0,0.0,0.0,-22.9469,11560346,26794,33426,0
6.69674,6.0,6.0,0.0,0.0,-22.9469,11559422,26703,34935,0
6.69674,6.0,6.0,0.0,0.0,-22.9469,11560528,26668,31609,0
6.71112,6.0,6.0,0.0,0.0,-22.9469,11563915,26789,33706,0
6.71112,6.0,6.0,0.0,0.0,-22.9469,11560307,26834,33896,0
6.71112,6.0,6.0,0.0,0.0,-22.9469,11560753,26783,31061,0
6.74899,6.0,6.0,0.0,0.0,-22.9469,11559823,26791,27718,0
6.74899,6.0,6.0,0.0,0.0,-22.9469,11561501,26755,31835,0
6.74899,6.0,6.0,0.0,0.0,-22.9469,11560771,26728,31403,0
6.77872,6.0,6.0,0.0,0.0,-22.9469,11562991,26748,28769,0
6.77872,6.0,6.0,0.0,0.0,-22.9469,11560594,26797,38206,0
6.77872,6.0,6.0,0.0,0.0,-22.9469,11560528,26771,37821,0
6.81034,6.0,6.0,0.0,0.0,-22.9469,11561045,26782,33154,0
6.81034,6.0,6.0,0.0,0.0,-22.9469,11561527,26835,33578,0
6.81034,6.0,6.0,0.0,0.0,-22.9469,11561501,26748,28933,0
6.84256,6.0,6.0,0.0,0.0,-23.8219,11559700,26792,29881,0
6.84256,6.0,6.0,0.0,0.0,-23.8219,11558643,26703,33375,0
6.84256,6.0,6.0,0.0,0.0,-23.8219,11559649,26789,30066,0
6.85835,6.0,6.0,0.0,0.0,-23.8219,11559753,26725,31320,0
6.85835,6.0,6.0,0.0,0.0,-23.8219,11562188,26789,35555,0
6.85835,6.0,6.0,0.0,0.0,-23.8219,11559694,26849,35757,0
6.8903,6.0,6.0,0.0,0.0,-23.8219,11568459,26826,28993,0
6.8903,6.0,6.0,0.0,0.0,-23.8219,11560152,26836,36244,0
6.8903,6.0,6.0,0.0,0.0,-23.8219,11560901,26847,31964,0
6.92237,6.0,6.0,0.0,0.0,-23.8219,11560937,26719,32363,0
6.92237,6.0,6.0,0.0,0.0,-23.8219,11560442,26761,31412,0
6.92237,6.0,6.0,0.0,0.0,-23.8219,11559345,26771,37515,0
6.95432,6.0,6.0,0.0,0.0,-23.8219,11560685,26712,35936,0
6.95432,6.0,6.0,0.0,0.0,-23.8219,11560624,26777,33899,0
6.95432,6.0,6.0,0.0,0.0,-23.8219,11561995,26751,34300,0
6.98638,6.0,6.0,0.0,0.0,-23.8219,11558885,26750,35004,0
6.98638,6.0,6.0,0.0,0.0,-23.8219,11559784,26702,32427,0
6.98638,6.0,6.0,0.0,0.0,-23.8219,11560971,26765,33172,0
7.01908,6.0,6.0,0.0,0.0,-23.8219,11559667,26775,34145,0
7.01908,6.0,6.0,0.0,0.0,-23.8219,11560730,26768,35732,0
7.01908,6.0,6.0,0.0,0.0,-23.8219,11561369,26787,33822,0
7.0526,6.0,6.0,0.0,0.0,-24.6531,11560317,26709,34706,0
7.0526,6.0,6.0,0.0,0.0,-24.6531,11559422,26698,36979,0
7.0526,6.0,6.0,0.0,0.0,-24.6531,11560771,26833,34202,0
7.08301,6.0,6.0,0.0,0.0,-24.6531,11559257,26751,34750,0
7.08452,6.0,6.0,0.0,0.0,-24.6531,11559121,26775,31426,0
7.08452,6.0,6.0,0.0,0.0,-24.6531,11558468,26703,35321,0
7.09833,6.0,6.0,0.0,0.0,-24.6531,11559422,26761,36258,0
7.09833,6.0,6.0,0.0,0.0,-24.6531,11560343,26762,37199,0
7.09833,6.0,6.0,0.0,0.0,-24.6531,11560140,26757,37648,0
7.13057,6.0,6.0,0.0,0.0,-24.6531,11560140,26774,35366,0
7.13057,6.0,6.0,0.0,0.0,-24.6531,11563848,26738,35667,0
7.13057,6.0,6.0,0.0,0.0,-24.6531,11558596,26674,34434,0
7.16274,6.0,6.0,0.0,0.0,-24.6531,11559707,26783,30686,0
7.16274,6.0,6.0,0.0,0.0,-24.6531,11559032,26802,35287,0
7.16387,6.0,6.0,0.0,0.0,-24.6531,11560235,26650,32521,0
7.19431,6.0,6.0,0.0,0.0,-24.6531,11559422,26688,34538,0
7.19431,6.0,6.0,0.0,0.0,-24.6531,11558854,26708,34514,0
7.19431,6.0,6.0,0.0,0.0,-24.6531,11559156,26802,28659,0
7.22819,6.0,6.0,0.0,0.0,-24.6531,11559657,26836,34815,0
7.22819,6.0,6.0,0.0,0.0,-24.6531,11557484,26790,37130,0
7.22819,6.0,6.0,0.0,0.0,-24.6531,11560465,26642,36016,0
7.25904,6.0,6.0,0.0,0.0,-25.4344,11558605,26770,35984,0
7.2604,6.0,6.0,0.0,0.0,-25.4344,11557927,26783,34601,0
7.2604,6.0,6.0,0.0,0.0,-25.4344,11556067,26730,30964,0
7.27808,6.0,6.0,0.0,0.0,-25.4344,11559577,26783,32442,0
7.27808,6.0,6.0,0.0,0.0,-25.4344,11559148,26766,33595,0
7.27808,6.0,6.0,0.0,0.0,-25.4344,11557993,26680,32389,0
7.32388,6.0,6.0,0.0,0.0,-25.4344,11557004,26733,27191,0
7.32388,6.0,6.0,0.0,0.0,-25.4344,11557725,26731,29952,0
7.32388,6.0,6.0,0.0,0.0,-25.4344,11558039,26758,33338,0
7.34326,6.0,6.0,0.0,0.0,-25.4344,11558293,26861,34439,0
7.34326,6.0,6.0,0.0,0.0,-25.4344,11560637,26683,31694,0
7.34326,6.0,6.0,0.0,0.0,-25.4344,11558981,26710,28530,0
7.37506,6.0,6.0,0.0,0.0,-25.4344,11556832,26739,36214,0
7.37506,6.0,6.0,0.0,0.0,-25.4344,11557927,26696,33098,0
7.37506,6.0,6.0,0.0,0.0,-25.4344,11556360,26660,36089,0
7.4066,6.0,6.0,0.0,0.0,-25.4344,11561501,26722,38072,0
7.4066,6.0,6.0,0.0,0.0,-25.4344,11557193,26803,37371,0
7.4066,6.0,6.0,0.0,0.0,-25.4344,11555707,26716,38463,0
7.44428,6.0,6.0,0.0,0.0,-25.4344,11555796,26730,33837,0
7.44428,6.0,6.0,0.0,0.0,-25.4344,11559422,26813,32419,0
7.44428,6.0,6.0,0.0,0.0,-25.4344,11558179,26833,32172,0
7.46025,6.0,6.0,0.0,0.0,-26.175,11556157,26736,35170,0
7.46025,6.0,6.0,0.0,0.0,-26.175,11555559,26762,34193,0
7.46025,6.0,6.0,0.0,0.0,-26.175,11556823,26734,35394,0
7.49264,6.0,6.0,0.0,0.0,-26.175,11556186,26667,29960,0
7.49264,6.0,6.0,0.0,0.0,-26.175,11557927,26765,33839,0
7.49264,6.0,6.0,0.0,0.0,-26.175,11566029,26804,26150,0
7.52425,6.0,6.0,0.0,0.0,-26.175,11556535,26802,32213,0
7.52425,6.0,6.0,0.0,0.0,-26.175,11555369,26819,32219,0
7.52425,6.0,6.0,0.0,0.0,-26.175,11554528,26824,32809,0
7.5591,6.0,6.0,0.0,0.0,-26.175,11556908,26757,32944,0
7.5591,6.0,6.0,0.0,0.0,-26.175,11560436,26794,35623,0
7.5591,6.0,6.0,0.0,0.0,-26.175,11556262,26744,33894,0
7.59774,6.0,6.0,0.0,0.0,-26.175,11555106,26814,35932,0
7.59774,6.0,6.0,0.0,0.0,-26.175,11554505,26756,32212,0
7.59774,6.0,6.0,0.0,0.0,-26.175,11554165,26727,34834,0
7.61344,6.0,6.0,0.0,0.0,-26.175,11553115,26740,34009,0
7.61344,6.0,6.0,0.0,0.0,-26.175,11553893,26818,34164,0
7.61344,6.0,6.0,0.0,0.0,-26.175,11553008,26791,33070,0
7.64531,6.0,6.0,0.0,0.0,-26.175,11553562,26764,32900,0
7.64531,6.0,6.0,0.0,0.0,-26.175,11556056,26778,32007,0
7.64531,6.0,6.0,0.0,0.0,-26.175,11555369,26747,32246,0
7.68131,6.0,6.0,0.0,0.0,-26.8094,11552342,26846,29391,0
7.68131,6.0,6.0,0.0,0.0,-26.8094,11552374,26787,33210,0
7.68131,6.0,6.0,0.0,0.0,-26.8094,11552703,26754,34775,0
7.69858,6.0,6.0,0.0,0.0,-26.8094,11552014,26737,33123,0
7.69858,6.0,6.0,0.0,0.0,-26.8094,11555169,26870,34372,0
7.69858,6.0,6.0,0.0,0.0,-26.8094,11551822,26778,39330,0
7.7438,6.0,6.0,0.0,0.0,-26.8094,11551813,26759,38467,0
7.7438,6.0,6.0,0.0,0.0,-26.8094,11551769,26749,30796,0
7.7438,6.0,6.0,0.0,0.0,-26.8094,11551966,26805,38850,0
7.75982,6.0,6.0,0.0,0.0,-26.8094,11554614,26708,32929,0
7.75982,6.0,6.0,0.0,0.0,-26.8094,11551720,26755,29582,0
7.75982,6.0,6.0,0.0,0.0,-26.8094,11551798,26820,29771,0
7.79315,6.0,6.0,0.0,0.0,-26.8094,11551526,26766,33522,0
7.79315,6.0,6.0,0.0,0.0,-26.8094,11551874,26739,29379,0
7.79315,6.0,6.0,0.0,0.0,-26.8094,11551822,26662,33843,0
7.8262,6.0,6.0,0.0,0.0,-26.8094,11552387,26687,31311,0
7.8262,6.0,6.0,0.0,0.0,-26.8094,11551730,26722,35364,0
7.8262,6.0,6.0,0.0,0.0,-26.8094,11550609,26737,34372,0
7.85503,6.0,6.0,0.0,0.0,-26.8094,11552352,26798,31550,0
7.85503,6.0,6.0,0.0,0.0,-26.8094,11551131,26844,33428,0
7.85503,6.0,6.0,0.0,0.0,-26.8094,11555915,26682,35114,0
7.89143,6.0,6.0,0.0,0.0,-27.4156,11551118,26732,35036,0
7.89143,6.0,6.0,0.0,0.0,-27.4156,11549628,26743,32700,0
7.89143,6.0,6.0,0.0,0.0,-27.4156,11550078,26798,37054,0
7.92345,6.0,6.0,0.0,0.0,-27.4156,11550579,26770,31248,0
7.92345,6.0,6.0,0.0,0.0,-27.4156,11550660,26697,34887,0
7.92345,6.0,6.0,0.0,0.0,-27.4156,11548370,26670,34413,0
7.93935,6.0,6.0,0.0,0.0,-27.4156,11550235,26765,30551,0
7.93935,6.0,6.0,0.0,0.0,-27.4156,11549980,26729,33307,0
7.93935,6.0,6.0,0.0,0.0,-27.4156,11550086,26844,30605,0
7.97094,6.0,6.0,0.0,0.0,-27.4156,11550306,26731,37035,0
7.97223,6.0,6.0,0.0,0.0,-27.4156,11552052,26750,30709,0
7.97223,6.0,6.0,0.0,0.0,-27.4156,11549507,26718,33974,0
8.00241,6.0,6.0,0.0,0.0,-27.4156,11547925,26782,30059,0
8.00241,6.0,6.0,0.0,0.0,-27.4156,11548640,26701,31285,0
8.00241,6.0,6.0,0.0,0.0,-27.4156,11551877,26766,35574,0
8.03466,6.0,6.0,0.0,0.0,-27.4156,11549705,26732,34661,0
8.03466,6.0,6.0,0.0,0.0,-27.4156,11546834,26812,35978,0
8.03466,6.0,6.0,0.0,0.0,-27.4156,11547777,26779,36080,0
8.06665,6.0,6.0,0.0,0.0,-27.4156,11549572,26822,28936,0
8.06665,6.0,6.0,0.0,0.0,-27.4156,11550211,26744,34131,0
8.06665,6.0,6.0,0.0,0.0,-27.4156,11548908,26749,35622,0
8.10156,6.0,6.0,0.0,0.0,-27.9625,11552512,26748,32094,0
8.10156,6.0,6.0,0.0,0.0,-27.9625,11547979,26706,34815,0
8.10156,6.0,6.0,0.0,0.0,-27.9625,11549037,26711,35645,0
8.11866,6.0,6.0,0.0,0.0,-27.9625,11547072,26779,38192,0
8.11866,6.0,6.0,0.0,0.0,-27.9625,11546531,26838,30985,0
8.11866,6.0,6.0,0.0,0.0,-27.9625,11545611,26806,28491,0
8.16577,6.0,6.0,0.0,0.0,-27.9625,11547207,26752,37636,0
8.16577,6.0,6.0,0.0,0.0,-27.9625,11546209,26685,35169,0
8.16577,6.0,6.0,0.0,0.0,-27.9625,11546935,26710,31218,0
8.18162,6.0,6.0,0.0,0.0,-27.9625,11546402,26866,34096,0
8.18162,6.0,6.0,0.0,0.0,-27.9625,11548716,26629,32522,0
8.18162,6.0,6.0,0.0,0.0,-27.9625,11546834,26744,34216,0
8.21624,6.0,6.0,0.0,0.0,-27.9625,11546354,26759,35339,0
8.21624,6.0,6.0,0.0,0.0,-27.9625,11545853,26738,37975,0
8.21624,6.0,6.0,0.0,0.0,-27.9625,11546305,26804,33503,0
8.24448,6.0,6.0,0.0,0.0,-27.9625,11547446,26728,32743,0
8.24448,6.0,6.0,0.0,0.0,-27.9625,11545611,26835,32810,0
8.24448,6.0,6.0,0.0,0.0,-27.9625,11545961,26756,35441,0
8.27671,6.0,6.0,0.0,0.0,-27.9625,11547177,26756,36375,0
8.27671,6.0,6.0,0.0,0.0,-27.9625,11545921,26668,31476,0
8.27671,6.0,6.0,0.0,0.0,-27.9625,11544602,26748,35400,0
8.30781,6.0,6.0,0.0,0.0,-28.4406,11551011,26780,35210,0
8.30781,6.0,6.0,0.0,0.0,-28.4406,11546271,26763,31287,0
8.30781,6.0,6.0,0.0,0.0,-28.4406,11544987,26704,26364,0
8.33985,6.0,6.0,0.0,0.0,-28.4406,11545049,26780,34719,0
8.33985,6.0,6.0,0.0,0.0,-28.4406,11544755,26714,33646,0
8.33985,6.0,6.0,0.0,0.0,-28.4406,11541961,26673,31053,0
8.3717,6.0,6.0,0.0,0.0,-28.4406,11544056,26791,32310,0
8.3717,6.0,6.0,0.0,0.0,-28.4406,11544458,26693,33788,0
8.3717,6.0,6.0,0.0,0.0,-28.4406,11542842,26774,34868,0
8.40357,6.0,6.0,0.0,0.0,-28.4406,11545611,26806,38457,0
8.40357,6.0,6.0,0.0,0.0,-28.4406,11542970,26786,34471,0
8.40357,6.0,6.0,0.0,0.0,-28.4406,11543621,26730,31995,0
8.43562,6.0,6.0,0.0,0.0,-28.4406,11544004,26698,28931,0
8.43562,6.0,6.0,0.0,0.0,-28.4406,11544227,26833,30352,0
8.43562,6.0,6.0,0.0,0.0,-28.4406,11545287,26682,37258,0
8.45151,6.0,6.0,0.0,0.0,-28.4406,11545064,26764,32696,0
8.45151,6.0,6.0,0.0,0.0,-28.4406,11547312,26783,32249,0
8.45151,6.0,6.0,0.0,0.0,-28.4406,11543416,26665,39838,0
8.48401,6.0,6.0,0.0,0.0,-28.4406,11544115,26694,32592,0
8.48401,6.0,6.0,0.0,0.0,-28.4406,11543863,26733,27074,0
8.48401,6.0,6.0,0.0,0.0,-28.4406,11545153,26822,30253,0
8.51556,6.0,6.0,0.0,0.0,-28.8531,11546672,26703,31093,0
8.51556,6.0,6.0,0.0,0.0,-28.8531,11542576,26685,29205,0
8.51556,6.0,6.0,0.0,0.0,-28.8531,11544009,26755,34191,0
8.55258,6.0,6.0,0.0,0.0,-28.8531,11543999,26789,33768,0
8.55258,6.0,6.0,0.0,0.0,-28.8531,11541555,26752,35729,0
8.55258,6.0,6.0,0.0,0.0,-28.8531,11539782,26860,35619,0
8.58495,6.0,6.0,0.0,0.0,-28.8531,11543611,26769,37914,0
8.58647,6.0,6.0,0.0,0.0,-28.8531,11541608,26760,29334,0
8.58647,6.0,6.0,0.0,0.0,-28.8531,11542864,26776,32878,0
8.60624,6.0,6.0,0.0,0.0,-28.8531,11543433,26768,34524,0
8.60624,6.0,6.0,0.0,0.0,-28.8531,11541608,26731,33960,0
8.60624,6.0,6.0,0.0,0.0,-28.8531,11542397,26714,33926,0
8.63296,6.0,6.0,0.0,0.0,-28.8531,11540590,26772,33139,0
8.63296,6.0,6.0,0.0,0.0,-28.8531,11540296,26739,35808,0
8.63296,6.0,6.0,0.0,0.0,-28.8531,11542362,26736,37554,0
8.665,6.0,6.0,0.0,0.0,-28.8531,11542877,26788,31013,0
8.665,6.0,6.0,0.0,0.0,-28.8531,11545611,26831,30453,0
8.665,6.0,6.0,0.0,0.0,-28.8531,11540363,26800,38778,0
8.69715,6.0,6.0,0.0,0.0,-28.8531,11541746,26715,33308,0
8.69715,6.0,6.0,0.0,0.0,-28.8531,11542970,26818,33758,0
8.69715,6.0,6.0,0.0,0.0,-28.8531,11543287,26865,32257,0
8.7285,6.0,6.0,0.0,0.0,-29.2125,11545611,26687,32032,0
8.7285,6.0,6.0,0.0,0.0,-29.2125,11541110,26813,36106,0
8.7285,6.0,6.0,0.0,0.0,-29.2125,11541789,26728,26621,0
8.76015,6.0,6.0,0.0,0.0,-29.2125,11541573,26737,34444,0
8.76015,6.0,6.0,0.0,0.0,-29.2125,11541555,26759,27359,0
8.76015,6.0,6.0,0.0,0.0,-29.2125,11544789,26711,29651,0
8.79381,6.0,6.0,0.0,0.0,-29.2125,11540562,26814,30176,0
8.79381,6.0,6.0,0.0,0.0,-29.2125,11540875,26740,32099,0
8.79381,6.0,6.0,0.0,0.0,-29.2125,11539185,26724,33254,0
8.82445,6.0,6.0,0.0,0.0,-29.2125,11538856,26799,31673,0
8.82648,6.0,6.0,0.0,0.0,-29.2125,11542429,26815,32560,0
8.82648,6.0,6.0,0.0,0.0,-29.2125,11540110,26763,31504,0
8.84221,6.0,6.0,0.0,0.0,-29.2125,11540647,26848,30745,0
8.84221,6.0,6.0,0.0,0.0,-29.2125,11541049,26744,31993,0
8.84221,6.0,6.0,0.0,0.0,-29.2125,11540494,26870,30796,0
8.87349,6.0,6.0,0.0,0.0,-29.2125,11540216,26741,33394,0
8.87349,6.0,6.0,0.0,0.0,-29.2125,11540511,26734,34369,0
8.87349,6.0,6.0,0.0,0.0,-29.2125,11539509,26751,34669,0
8.90446,6.0,6.0,0.0,0.0,-29.2125,11539353,26783,36575,0
8.90446,6.0,6.0,0.0,0.0,-29.2125,11539702,26767,30280,0
8.90446,6.0,6.0,0.0,0.0,-29.2125,11539971,26765,36208,0
8.93657,6.0,6.0,0.0,0.0,-29.5,11541015,26832,38602,0
8.93657,6.0,6.0,0.0,0.0,-29.5,11539795,26867,37266,0
8.93657,6.0,6.0,0.0,0.0,-29.5,11539123,26715,32781,0
8.96879,6.0,6.0,0.0,0.0,-29.5,11538568,26692,33520,0
8.96879,6.0,6.0,0.0,0.0,-29.5,11537449,26685,34394,0
8.96879,6.0,6.0,0.0,0.0,-29.5,11540647,26739,36081,0
9.00079,6.0,6.0,0.0,0.0,-29.5,11538403,26773,36964,0
9.00079,6.0,6.0,0.0,0.0,-29.5,11539161,26799,37136,0
9.00079,6.0,6.0,0.0,0.0,-29.5,11538401,26853,32060,0
9.03346,6.0,6.0,0.0,0.0,-29.5,11539461,26712,25304,0
9.03346,6.0,6.0,0.0,0.0,-29.5,11542970,26738,33022,0
9.03346,6.0,6.0,0.0,0.0,-29.5,11538115,26798,28994,0
9.06466,6.0,6.0,0.0,0.0,-29.5,11539532,26834,34599,0
9.06623,6.0,6.0,0.0,0.0,-29.5,11541015,26811,38355,0
9.06623,6.0,6.0,0.0,0.0,-29.5,11538808,26751,34364,0
9.08079,6.0,6.0,0.0,0.0,-29.5,11541817,26661,36277,0
9.08079,6.0,6.0,0.0,0.0,-29.5,11540511,26758,38711,0
9.08079,6.0,6.0,0.0,0.0,-29.5,11539009,26791,32766,0
9.11261,6.0,6.0,0.0,0.0,-29.5,11539396,26762,32274,0
9.11261,6.0,6.0,0.0,0.0,-29.5,11540928,26754,33258,0
9.11261,6.0,6.0,0.0,0.0,-29.5,11538692,26746,29670,0
9.14446,6.0,6.0,0.0,0.0,-29.7219,11534731,26792,33459,0
9.14446,6.0,6.0,0.0,0.0,-29.7219,11538238,26774,30809,0
9.14446,6.0,6.0,0.0,0.0,-29.7219,11539798,26670,24961,0
9.17969,6.0,6.0,0.0,0.0,-29.7219,11538912,26818,33365,0
9.17969,6.0,6.0,0.0,0.0,-29.7219,11540356,26876,35412,0
9.17969,6.0,6.0,0.0,0.0,-29.7219,11539081,26757,34203,0
9.2083,6.0,6.0,0.0,0.0,-29.7219,11538115,26826,31616,0
9.2083,6.0,6.0,0.0,0.0,-29.7219,11537692,26759,35136,0
9.2083,6.0,6.0,0.0,0.0,-29.7219,11537734,26787,35807,0
9.24006,6.0,6.0,0.0,0.0,-29.7219,11540647,26876,30933,0
9.24006,6.0,6.0,0.0,0.0,-29.7219,11536659,26751,28431,0
9.24006,6.0,6.0,0.0,0.0,-29.7219,11538727,26795,30166,0
9.27231,6.0,6.0,0.0,0.0,-29.7219,11537104,26860,29266,0
9.27231,6.0,6.0,0.0,0.0,-29.7219,11538313,26781,35121,0
9.27231,6.0,6.0,0.0,0.0,-29.7219,11538878,26822,36876,0
9.30492,6.0,6.0,0.0,0.0,-29.7219,11539193,26801,27396,0
9.30492,6.0,6.0,0.0,0.0,-29.7219,11545611,26780,35152,0
9.30492,6.0,6.0,0.0,0.0,-29.7219,11537341,26716,35213,0
9.31913,6.0,6.0,0.0,0.0,-29.7219,11538137,26667,37152,0
9.31913,6.0,6.0,0.0,0.0,-29.7219,11537729,26784,34637,0
9.31913,6.0,6.0,0.0,0.0,-29.7219,11537828,26739,32314,0
9.36713,6.0,6.0,0.0,0.0,-29.8813,11537056,26799,30832,0
9.36713,6.0,6.0,0.0,0.0,-29.8813,11538106,26816,32352,0
9.36713,6.0,6.0,0.0,0.0,-29.8813,11539417,26808,28929,0
9.38337,6.0,6.0,0.0,0.0,-29.8813,11536845,26781,35157,0
9.38337,6.0,6.0,0.0,0.0,-29.8813,11538407,26790,33579,0
9.38337,6.0,6.0,0.0,0.0,-29.8813,11543177,26740,38647,0
9.41926,6.0,6.0,0.0,0.0,-29.8813,11537341,26755,31981,0
9.41926,6.0,6.0,0.0,0.0,-29.8813,11537290,26779,31000,0
9.41926,6.0,6.0,0.0,0.0,-29.8813,11537209,26749,40770,0
9.44676,6.0,6.0,0.0,0.0,-29.8813,11538481,26837,32161,0
9.44676,6.0,6.0,0.0,0.0,-29.8813,11540441,26745,33856,0
9.44676,6.0,6.0,0.0,0.0,-29.8813,11538115,26682,34174,0
9.47892,6.0,6.0,0.0,0.0,-29.8813,11537246,26639,30118,0
9.47892,6.0,6.0,0.0,0.0,-29.8813,11538071,26741,34048,0
9.47892,6.0,6.0,0.0,0.0,-29.8813,11537937,26751,30907,0
9.51134,6.0,6.0,0.0,0.0,-29.8813,11537624,26889,31511,0
9.51134,6.0,6.0,0.0,0.0,-29.8813,11537759,26832,30453,0
9.51134,6.0,6.0,0.0,0.0,-29.8813,11537878,26796,34677,0
9.54366,6.0,6.0,0.0,0.0,-29.9719,11538812,26761,35114,0
9.54783,6.0,6.0,0.0,0.0,-29.9719,11536647,26767,29626,0
9.54783,6.0,6.0,0.0,0.0,-29.9719,11537942,26744,37134,0
9.56625,6.0,6.0,0.0,0.0,-29.9719,11539509,26779,40375,0
9.56625,6.0,6.0,0.0,0.0,-29.9719,11535656,26766,38915,0
9.56625,6.0,6.0,0.0,0.0,-29.9719,11536974,26864,29663,0
9.59824,6.0,6.0,0.0,0.0,-29.9719,11537341,26802,34999,0
9.59824,6.0,6.0,0.0,0.0,-29.9719,11537644,26747,37669,0
9.59824,6.0,6.0,0.0,0.0,-29.9719,11537723,26891,30799,0
9.63033,6.0,6.0,0.0,0.0,-29.9719,11537504,26779,32366,0
9.63033,6.0,6.0,0.0,0.0,-29.9719,11537049,26813,39201,0
9.63033,6.0,6.0,0.0,0.0,-29.9719,11537842,26842,34886,0
9.66421,6.0,6.0,0.0,0.0,-29.9719,11536018,26789,34960,0
9.66421,6.0,6.0,0.0,0.0,-29.9719,11537787,26611,36914,0
9.66421,6.0,6.0,0.0,0.0,-29.9719,11545611,26840,31201,0
9.69428,6.0,6.0,0.0,0.0,-29.9719,11536435,26801,38558,0
9.69428,6.0,6.0,0.0,0.0,-29.9719,11536367,26647,37210,0
9.69428,6.0,6.0,0.0,0.0,-29.9719,11537106,26786,33471,0
9.72634,6.0,6.0,0.0,0.0,-29.9719,11537216,26756,31537,0
9.72634,6.0,6.0,0.0,0.0,-29.9719,11540022,26773,29851,0
9.72794,6.0,6.0,0.0,0.0,-29.9719,11536143,26778,37327,0
9.7425,6.0,6.0,0.0,0.0,-29.9719,11537607,26731,38142,0
9.7425,6.0,6.0,0.0,0.0,-30.0,11537907,26787,35208,0
9.7425,6.0,6.0,0.0,0.0,-30.0,11536069,26749,32280,0
9.77438,6.0,6.0,0.0,0.0,-30.0,11536919,26766,34391,0
9.77438,6.0,6.0,0.0,0.0,-30.0,11538115,26831,32727,0
9.77438,6.0,6.0,0.0,0.0,-30.0,11536443,26799,31044,0
